destination	md5
boot-rom/a3000/v1-4-r36-16/good/amiga-3000-boot-rom-v1-4-r36-16-1990-commodore-a3000-good-rom0.rom	0355a6dafac5ecf540ebc1145b80db5b
boot-rom/a3000/v1-4-r36-16/good/amiga-3000-boot-rom-v1-4-r36-16-1990-commodore-a3000-good-rom1.rom	17231b500d9a41614abb72a41ae7aebd
bootstrap/a1000/good/amiga-1000-rom-bootstrap-1985-commodore-a1000-good.rom	7be4a34d91e5dd7377e9b5c4ac64fc5a
bootstrap/a1000/unknown/amiga-1000-rom-bootstrap-1985-commodore-a1000-u.rom	964af1568252209f4a6503a183a3265e
cartridges/action-cartridge-super-iv-pro/v4-3/standard/action-cartridge-super-iv-pro-v4-3-1992-gameworks.rom	b85db287368831371b3aea822b0cf655
cartridges/action-replay/a1200/unknown-version/standard/action-replay-1200-199x-datel-electronics.rom	35f2bda107a2f01978514cb4089e04d7
cartridges/action-replay/mk-i/v1-0/standard/action-replay-mk-i-v1-0-1989-datel-electronics.rom	11ad9c319496c1ec5aed0fe996a7f3d6
cartridges/action-replay/mk-i/v1-5/standard/action-replay-mk-i-v1-5-1989-datel-electronics.rom	aac4fa06ed608474fb237b28808001ca
cartridges/action-replay/mk-ii/v2-05/modified/action-replay-mk-ii-v2-05-1990-datel-electronics-m.rom	e35862d27f6ae2dc718bf40d52c0ed91
cartridges/action-replay/mk-ii/v2-12/modified/action-replay-mk-ii-v2-12-1990-datel-electronics-m.rom	0f960e98107cade3b319e564d262bc79
cartridges/action-replay/mk-ii/v2-14/modified/action-replay-mk-ii-v2-14-1991-datel-electronics-m.rom	903ff185555557fed8084cadc5281fad
cartridges/action-replay/mk-iii/v3-09/modified/action-replay-mk-iii-v3-09-1991-datel-electronics-m.rom	801acde95e422cf36731d94ce87b4ee3
cartridges/action-replay/mk-iii/v3-17/modified/action-replay-mk-iii-v3-17-1991-datel-electronics-m.rom	097df96a7e61aefd18d423cc652a31d8
cartridges/nordic-power/v1-5/standard/nordic-power-v1-5-1989-data-and-electronics.rom	f2630fcbe01ae5623127a4b947030e29
cartridges/nordic-power/v2-0/standard/nordic-power-v2-0-1990-data-and-electronics.rom	4c6d2f97d9509e9554667e54291a2cd7
cartridges/nordic-power/v3-0/standard/nordic-power-v3-0-1990-data-and-electronics.rom	eeb62fbb2781698ddc63c7f55e848b33
cartridges/x-power-professional-500/v1-2/standard/x-power-professional-500-v1-2-1991-design-and-engineering.rom	6956bd62ae7a8aa887f1f38fcfa7720f
cartridges/x-power-professional-500/v1-3/standard/x-power-professional-500-v1-3-1991-design-and-engineering.rom	4049efef2ffdccda99b866ff9383cf02
extended-rom/a570/v2-30/standard/cdtv-extended-rom-v2-30-1992-commodore-a570.rom	d98112f18792ee3714df16a6eb421b89
extended-rom/cd32/r40-60/standard/cd32-extended-rom-r40-60-1993-commodore-cd32.rom	bb72565701b1b6faece07d68ea5da639
extended-rom/cdtv/v1-0/beta/cdtv-extended-rom-v1-0-1991-commodore-cdtv-beta.rom	19790275f9be0d28899e9b5d5cc286ce
extended-rom/cdtv/v1-0/encrypted-needs-rom-key/cdtv-extended-rom-v1-0-1991-commodore-cdtv-encrypted-needs-rom-key.rom	f6df8c955a04063e706949a378315c00
extended-rom/cdtv/v1-0/good/cdtv-extended-rom-v1-0-1991-commodore-cdtv-good-u34.rom	7be05a2ca22215a0bcddf8a37b2a4db8
extended-rom/cdtv/v1-0/good/cdtv-extended-rom-v1-0-1991-commodore-cdtv-good-u35.rom	486261e7d669f246f6f3317a65088f21
extended-rom/cdtv/v1-0/good/cdtv-extended-rom-v1-0-1991-commodore-cdtv-good.rom	89da1838a24460e4b93f4f0c5d92d48d
extended-rom/cdtv/v2-30/standard/cdtv-extended-rom-v2-30-1992-commodore-cdtv-u34.rom	a1b3b29a33bb073a91bf03e042667668
extended-rom/cdtv/v2-30/standard/cdtv-extended-rom-v2-30-1992-commodore-cdtv-u35.rom	426ae2d4bb883ff1080e5c8a9c8c8d19
extended-rom/cdtv/v2-7/standard/cdtv-extended-rom-v2-7-1992-commodore-cdtv.rom	d1145ab3a0f89340f94c9e734762c198
kickstart/kickstart-v1-4-alpha-15-r36-015/common/beta/kickstart-v1-4-alpha-15-r36-015-1989-05-commodore-beta.rom	6623c0c273d00f84721fe6e1ca640688
kickstart/kickstart-v1-4-alpha-18-r36-002/common/developer-kickit/kickstart-v1-4-alpha-18-r36-002-1989-12-commodore-developer-kickit.rom	119a48f195151e16b2c1b0b5acf1e75a
kickstart/kickstart-v1-4-alpha-18-r36-002/common/good-developer/kickstart-v1-4-alpha-18-r36-002-1989-12-commodore-good-developer.rom	d2d28b1b35a48e484c6a04e096c2a6de
kickstart/kickstart-v2-0-beta-5-r36-067/common/beta-kickit/kickstart-v2-0-beta-5-r36-067-1990-05-commodore-beta-kickit.rom	837c67721eadef7764f743c728d79973
kickstart/kickstart-v2-0-beta-5-r36-067/common/beta/kickstart-v2-0-beta-5-r36-067-1990-05-commodore-beta.rom	890cae22ba870d1a10ccf138ba32c3fa
kickstart/v0-7-r27-003/a1000/ntsc-beta/kickstart-v0-7-r27-003-1985-07-commodore-a1000-ntsc-beta.rom	36280577e3d019b2c86e9756173b8bed
kickstart/v1-0-r30/a1000/ntsc-good/kickstart-v1-0-r30-1985-09-commodore-a1000-ntsc-good.rom	d8dbff05f1d39d5b687a5dacb76f8535
kickstart/v1-1-r31-034/a1000/ntsc-good/kickstart-v1-1-r31-034-1985-11-commodore-a1000-ntsc-good.rom	0b8442c311caa54fb12ec88eaaa9facf
kickstart/v1-1-r31-034/a1000/ntsc-overdump/kickstart-v1-1-r31-034-1985-11-commodore-a1000-ntsc-o.rom	7f638a33c2062c09abf75153f799770f
kickstart/v1-1-r32-034/a1000/pal-good/kickstart-v1-1-r32-034-1986-02-commodore-a1000-pal-good.rom	1fa1f93d3d7b51271dd1356b8b2b45a9
kickstart/v1-1-r32-034/a1000/pal-overdump-encrypted-needs-rom-key/kickstart-v1-1-r32-034-1986-02-commodore-a1000-pal-o-encrypted-needs-rom-key.rom	26f0e057dc20ec2375a8d1fe84d84012
kickstart/v1-1-r32-034/a1000/pal-overdump/kickstart-v1-1-r32-034-1986-02-commodore-a1000-pal-o.rom	27e08cb1e13569898c766f445a74f589
kickstart/v1-2-r33-166/a1000/bad-dump/kickstart-v1-2-r33-166-1986-09-commodore-a1000-b.rom	d15adb59f896bc3f5a45244435ec3fd3
kickstart/v1-2-r33-166/a1000/good/kickstart-v1-2-r33-166-1986-09-commodore-a1000-good.rom	68c9c0826f6c0ca20546d588ee77391c
kickstart/v1-2-r33-180/a500-a1000-a2000/good/kickstart-v1-2-r33-180-1986-10-commodore-a500-a1000-a2000-good.rom	85ad74194e87c08904327de1a9443b7a
kickstart/v1-2-r33-180/a500-a1000-a2000/hack-hqc/kickstart-v1-2-r33-180-1986-10-commodore-a500-a1000-a2000-h-hqc.rom	0845c54dc849cfed7c85f9eb26a362fc
kickstart/v1-2-r33-180/a500-a1000-a2000/hack-level42/kickstart-v1-2-r33-180-1986-10-commodore-a500-a1000-a2000-h-level42.rom	1d3141ddfe367c4c732e80f983771d9c
kickstart/v1-2-r33-180/a500-a1000-a2000/overdump-bad-dump/kickstart-v1-2-r33-180-1986-10-commodore-a500-a1000-a2000-o-b.rom	fa80e8c0d97f1d6a0446d394fb574633
kickstart/v1-2-r33-180/a500-a1000-a2000/overdump-encrypted-needs-rom-key/kickstart-v1-2-r33-180-1986-10-commodore-a500-a1000-a2000-o-encrypted-needs-rom-key.rom	ad033b1c30191199a450fbdbe0fde254
kickstart/v1-2-r33-180/a500-a1000-a2000/overdump/kickstart-v1-2-r33-180-1986-10-commodore-a500-a1000-a2000-o.rom	1a96ab3177d651a5dba7bfd4d46e4d8e
kickstart/v1-3-r34-005/a3000/encrypted-needs-rom-key/kickstart-v1-3-r34-005-1987-12-commodore-a3000-encrypted-needs-rom-key.rom	4cef8c4219263062b098defd8c6099a7
kickstart/v1-3-r34-005/a3000/good/kickstart-v1-3-r34-005-1987-12-commodore-a3000-good.rom	0cbbaacbabcb4b5806438039acc0ff02
kickstart/v1-3-r34-005/a3000/hack-2-unknown-hack/kickstart-v1-3-r34-005-1987-12-commodore-a3000-h2-unknown-hack.rom	070393a7761dfccc5f08ebd4a727b631
kickstart/v1-3-r34-005/a3000/hack-dc-a/kickstart-v1-3-r34-005-1987-12-commodore-a3000-h-dc-a.rom	32be47465de79e3f40dd496814a86806
kickstart/v1-3-r34-005/a3000/hack-dc/kickstart-v1-3-r34-005-1987-12-commodore-a3000-h-dc.rom	9c2ae78a2a6c8cbcbc739401202def8a
kickstart/v1-3-r34-005/a3000/hack-galahad-relokick-v1-4a/kickstart-v1-3-r34-005-1987-12-commodore-a3000-h-galahad-relokick-v1-4a.rom	bc0f3993b4161e5632966c7fc38344eb
kickstart/v1-3-r34-005/a3000/hack-geesus-overdump-relokick-v1-41/kickstart-v1-3-r34-005-1987-12-commodore-a3000-h-geesus-o-relokick-v1-41.rom	28259ad3cfd905267005f79530954bee
kickstart/v1-3-r34-005/a3000/hack-geesus-relokick-v1-41/kickstart-v1-3-r34-005-1987-12-commodore-a3000-h-geesus-relokick-v1-41.rom	ab38c09234097cfbf4c9ee3adacf3e2a
kickstart/v1-3-r34-005/a3000/hack-unknown-hack/kickstart-v1-3-r34-005-1987-12-commodore-a3000-h-unknown-hack.rom	fa81cba159ae5ca992362d4ab1cfaccb
kickstart/v1-3-r34-005/a3000/overdump-encrypted-needs-rom-key/kickstart-v1-3-r34-005-1987-12-commodore-a3000-o-encrypted-needs-rom-key.rom	60fe0bbb94af93e0a405f492cce393f7
kickstart/v1-3-r34-005/a3000/overdump/kickstart-v1-3-r34-005-1987-12-commodore-a3000-o.rom	c20797cdaea7ceee6f3d5d092268aeaa
kickstart/v1-3-r34-005/a500-a1000-a2000-cdtv/good/kickstart-v1-3-r34-005-1987-12-commodore-a500-a1000-a2000-cdtv-good.rom	82a21c1890cae844b3df741f2762d48d
kickstart/v1-3-r34-005/a500-a1000-a2000-cdtv/hack-leonardo-fei-guardian-1-2r/kickstart-v1-3-r34-005-1987-12-commodore-a500-a1000-a2000-cdtv-h-leonardo-fei-guardian-1-2r.rom	3fde40288bd372599c4ec074522fc25c
kickstart/v1-3-r34-005/a500-a1000-a2000-cdtv/overdump/kickstart-v1-3-r34-005-1987-12-commodore-a500-a1000-a2000-cdtv-o.rom	192d6d950d0ed3df8040b788502831c2
kickstart/v2-0-r36-028/a3000/beta-good-superkickstart/kickstart-v2-0-r36-028-1990-03-commodore-a3000-beta-good-superkickstart.rom	f024da20387ea300c5e6f58bd082acd3
kickstart/v2-0-r36-141/a3000/beta-bad-dump/kickstart-v2-0-r36-141-1990-06-commodore-a3000-beta-b.rom	2e42a713edb668588f1b4e0744c889a1
kickstart/v2-0-r36-143/a3000/superkickstart/kickstart-v2-0-r36-143-1990-08-commodore-a3000-superkickstart.rom	9596b08c42677b0f01c9547c0da85d22
kickstart/v2-02-r36-207/a3000/good-superkickstart/kickstart-v2-02-r36-207-1990-10-commodore-a3000-good-superkickstart.rom	93e6657e563ddaf815fb40d93f860877
kickstart/v2-03-r37-074/common/beta-kickit/kickstart-v2-03-r37-074-1991-commodore-beta-kickit.rom	9e9ea32e0b543c547869967dc6a71219
kickstart/v2-03-r37-074/common/beta/kickstart-v2-03-r37-074-1991-commodore-beta.rom	0e14bc5208fe19fb389d5ceeed5b04da
kickstart/v2-03-r37-092/common/beta/kickstart-v2-03-r37-092-1991-04-commodore-beta.rom	796294c0256152047095fdced0538b0d
kickstart/v2-04-r37-175/a2000/developer-kickit/kickstart-v2-04-r37-175-1991-05-commodore-a2000-developer-kickit.rom	f8baa3adfc6c06b9fc1120c4059d3528
kickstart/v2-04-r37-175/a2000/developer/kickstart-v2-04-r37-175-1991-05-commodore-a2000-developer.rom	dcacad28df0d98ee0dbea5cb81082353
kickstart/v2-04-r37-175/a3000/standard/kickstart-v2-04-r37-175-1991-05-commodore-a3000.rom	c5fd2322c53d25c0972e6fc54b705d17
kickstart/v2-04-r37-175/a500plus/b-ftp-transfer/kickstart-v2-04-r37-175-1991-05-commodore-a500plus-b-ftp-transfer.rom	5ab0527c168d02fecf897c0eda1d56f8
kickstart/v2-04-r37-175/a500plus/encrypted-needs-rom-key/kickstart-v2-04-r37-175-1991-05-commodore-a500plus-encrypted-needs-rom-key.rom	f32949f64c4ce0bca6c7d082c7e148bb
kickstart/v2-04-r37-175/a500plus/good/kickstart-v2-04-r37-175-1991-05-commodore-a500plus-good.rom	dc10d7bdd1b6f450773dfb558477c230
kickstart/v2-04-r37-175/a500plus/overdump-b-ftp-transfer/kickstart-v2-04-r37-175-1991-05-commodore-a500plus-o-b-ftp-transfer.rom	40a66c58ad8259358cc34b4e118dfc84
kickstart/v2-05-r37-210/common/developer-kickit/kickstart-v2-05-r37-210-1991-11-commodore-developer-kickit.rom	32b7cd46a43735a2e11b981e97f910a3
kickstart/v2-05-r37-210/common/developer/kickstart-v2-05-r37-210-1991-11-commodore-developer.rom	8d72368dc1208e3687b35d662f2ea633
kickstart/v2-05-r37-210/common/hack-developer-kickit/kickstart-v2-05-r37-210-1991-11-commodore-h-developer-kickit.rom	d18bd9e3874ca62a99eb0df3eebe4f1d
kickstart/v2-05-r37-210/common/hack-developer/kickstart-v2-05-r37-210-1991-11-commodore-h-developer.rom	0c80392e93667f308c043c841291f64c
kickstart/v2-05-r37-299/a600/good/kickstart-v2-05-r37-299-1991-11-commodore-a600-good.rom	72ffce8541f100885da4b68a3bcf10f7
kickstart/v2-05-r37-300/a600hd/good/kickstart-v2-05-r37-300-1991-11-commodore-a600hd-good.rom	fa4acc75b49e880679fe02716af24d71
kickstart/v2-05-r37-350/a600hd/good/kickstart-v2-05-r37-350-1992-04-commodore-a600hd-good.rom	465646c9b6729f77eea5314d1f057951
kickstart/v3-0-r39-065/a3000/beta/kickstart-v3-0-r39-065-1992-04-commodore-a3000-beta.rom	675223438c7a50518e0024191252b85c
kickstart/v3-0-r39-092/a600/beta-good/kickstart-v3-0-r39-092-1992-07-commodore-a600-beta-good.rom	fa56c66ddd43c8a6f1ab930fb8bf3142
kickstart/v3-0-r39-106/a1200/good/kickstart-v3-0-r39-106-1992-09-commodore-a1200-good.rom	b7cc148386aa631136f510cd29e42fc3
kickstart/v3-0-r39-106/a4000/encrypted-needs-rom-key/kickstart-v3-0-r39-106-1992-09-commodore-a4000-encrypted-needs-rom-key.rom	cc9fd29b8d3bf2dcab2c1d05fcf7d204
kickstart/v3-0-r39-106/a4000/good/kickstart-v3-0-r39-106-1992-09-commodore-a4000-good.rom	9b8bdd5a3fd32c2a5a6f5b1aefc799a5
kickstart/v3-0-r39-115/common/standard/kickstart-v3-0-r39-115-1992-commodore.rom	cfb4d4c846a8c11c131f88de97134853
kickstart/v3-1-r40-003/a600/beta/kickstart-v3-1-r40-003-1993-commodore-a600-beta.rom	83459bf67c45d4d8af176152d81d843d
kickstart/v3-1-r40-038/a3000/beta-with-bonus/kickstart-v3-1-r40-038-1993-04-commodore-a3000-beta-with-bonus.rom	7213fe8403e863284a3ce75ff96c6733
kickstart/v3-1-r40-038/a4000/beta/kickstart-v3-1-r40-038-1993-04-commodore-a4000-beta.rom	8ab0ae4fb80bbc07394a3141d7f2a770
kickstart/v3-1-r40-055/a3000/beta-hack-shapeshifter-with-bonus/kickstart-v3-1-r40-055-1993-05-commodore-a3000-beta-h-shapeshifter-with-bonus.rom	dd4e0a3584064e9d85c773dd5ece2cd7
kickstart/v3-1-r40-055/a3000/beta-hack-shapeshifter/kickstart-v3-1-r40-055-1993-05-commodore-a3000-beta-h-shapeshifter.rom	8b1afcdd8241493c3d9471f2d4a148ce
kickstart/v3-1-r40-055/a3000/beta/kickstart-v3-1-r40-055-1993-05-commodore-a3000-beta.rom	d4db7595c36beedacf2f6a2ef05b0fcc
kickstart/v3-1-r40-055/a4000/beta-hack/kickstart-v3-1-r40-055-1993-05-commodore-a4000-beta-h.rom	e7488529fea4e329d383262442a80e7b
kickstart/v3-1-r40-060/cd32/good/kickstart-v3-1-r40-060-1993-05-commodore-cd32-good.rom	5f8924d013dd57a89cf349f4cdedc6b1
kickstart/v3-1-r40-062/a3000/beta-hack-with-bonus/kickstart-v3-1-r40-062-1993-07-commodore-a3000-beta-h-with-bonus.rom	778812df4626e25cccdf7c2f63cb30fa
kickstart/v3-1-r40-062/a3000/beta-hack/kickstart-v3-1-r40-062-1993-07-commodore-a3000-beta-h.rom	d09acd6607769bba27241d0d92d72fac
kickstart/v3-1-r40-062/a600/hack/kickstart-v3-1-r40-062-1993-commodore-a600-h.rom	4c58e4d79f3f29c963e6ca7560e53319
kickstart/v3-1-r40-063/a500-a600-a2000/bad-dump-2/kickstart-v3-1-r40-063-1993-07-commodore-a500-a600-a2000-b2.rom	f25496832bf78859d60f700039de3033
kickstart/v3-1-r40-063/a500-a600-a2000/bad-dump/kickstart-v3-1-r40-063-1993-07-commodore-a500-a600-a2000-b.rom	e62ebae14d902f3057904f98b5d4c4cd
kickstart/v3-1-r40-063/a500-a600-a2000/good/kickstart-v3-1-r40-063-1993-07-commodore-a500-a600-a2000-good.rom	e40a5dfb3d017ba8779faba30cbd1c8e
kickstart/v3-1-r40-063/a500-a600-a2000/hack-shapeshifter/kickstart-v3-1-r40-063-1993-07-commodore-a500-a600-a2000-h-shapeshifter.rom	b7fac88c1065fd3994b66e23041c7354
kickstart/v3-1-r40-063/a500-a600-a2000/overdump-bad-dump/kickstart-v3-1-r40-063-1993-07-commodore-a500-a600-a2000-o-b.rom	cf30dccf68059ed3f775c20bcc755ed6
kickstart/v3-1-r40-068/a1200/fixed-harry-sintonen-hack-version-number/kickstart-v3-1-r40-068-1993-12-commodore-a1200-f-harry-sintonen-h-version-number.rom	345863c6af3394f99a3b3a094d7ecc9d
kickstart/v3-1-r40-068/a1200/good/kickstart-v3-1-r40-068-1993-12-commodore-a1200-good.rom	646773759326fbac3b2311fd8c8793ee
kickstart/v3-1-r40-068/a1200/hack-shapeshifter/kickstart-v3-1-r40-068-1993-12-commodore-a1200-h-shapeshifter.rom	6d48c396abd5d29ef49ce028959711a2
kickstart/v3-1-r40-068/a3000/good/kickstart-v3-1-r40-068-1993-12-commodore-a3000-good.rom	413590e50098a056cfec418d3df0212d
kickstart/v3-1-r40-068/a4000/encrypted-needs-rom-key/kickstart-v3-1-r40-068-1993-12-commodore-a4000-encrypted-needs-rom-key.rom	edf45497833cf69a4668d1e9ad44eb58
kickstart/v3-1-r40-068/a4000/good/kickstart-v3-1-r40-068-1993-12-commodore-a4000-good.rom	9bdedde6a4f33555b4a270c8ca53297d
kickstart/v3-1-r40-068/a4000/hack-cloanto/kickstart-v3-1-r40-068-1993-12-commodore-a4000-h-cloanto.rom	730888fb1bd9a3606d51f772ed136528
kickstart/v3-1-r40-068/a4000/hack-shapeshifter/kickstart-v3-1-r40-068-1993-12-commodore-a4000-h-shapeshifter.rom	9c7195ba3098317082159599b8d6dc6b
kickstart/v3-1-r40-068/a600/beta-good-developer/kickstart-v3-1-r40-068-1993-12-commodore-a600-beta-good-developer.rom	0d527eaf6cf3d25a69f7b82716ed3eac
kickstart/v3-1-r40-068/a600/beta-hack-developer/kickstart-v3-1-r40-068-1993-12-commodore-a600-beta-h-developer.rom	0b839c665635a249c5736118c68a69a7
kickstart/v3-1-r40-070/a3000/beta-hack/kickstart-v3-1-r40-070-1994-02-commodore-a3000-beta-h.rom	e553af2051b7f9558a56aa240aed3db3
kickstart/v3-1-r40-070/a4000/beta-bad-dump/kickstart-v3-1-r40-070-1994-02-commodore-a4000-beta-b.rom	6e2a13b268b0105584401b78a4f9c43b
kickstart/v3-1-r40-070/a4000/beta-good/kickstart-v3-1-r40-070-1994-02-commodore-a4000-beta-good.rom	402dc47a03e01fcd466742d0760b5913
kickstart/v3-1-r40-070/a4000/beta-hack-2/kickstart-v3-1-r40-070-1994-02-commodore-a4000-beta-h2.rom	6c26188edcd275ddc6a13642f5b6ad18
kickstart/v3-1-r40-070/a4000/beta-hack-faked-v3-5/kickstart-v3-1-r40-070-1994-02-commodore-a4000-beta-h-faked-v3-5.rom	7bf014c3e646a6e4f92eafe8560869fd
kickstart/v3-1-r40-070/a4000/beta-hack/kickstart-v3-1-r40-070-1994-02-commodore-a4000-beta-h.rom	88f6e141541c677f91b50893933a4eff
kickstart/v3-1-r40-070/a4000t/good/kickstart-v3-1-r40-070-1994-02-commodore-a4000t-good.rom	e873c43040b4d7a9c65f37cf2da2158f
kickstart/v3-1-r40-070/a500-a600-a2000/beta-hack/kickstart-v3-1-r40-070-1994-02-commodore-a500-a600-a2000-beta-h.rom	77978bea93438bcb9d871aa7a9e1660d
